,head_size_list,num_head_list,ff_dim_list,num_transformer_blocks_list,ape_label,time_list,sequence_length_list,n_list,training_loss_list,validation_loss_list,y_pred_ori_list,y_test_ori_list
0,16,2,2,1,36.14519160182099,6.370951890945435,1,0,"0     0.186324
1     0.141956
2     0.138959
3     0.102383
4     0.099429
        ...   
95    0.018239
96    0.015607
97    0.020526
98    0.019852
99    0.016040
Length: 100, dtype: float64","0     0.344635
1     0.296500
2     0.253112
3     0.217356
4     0.186281
        ...   
95    0.014267
96    0.013211
97    0.012537
98    0.012584
99    0.012544
Length: 100, dtype: float64",[0.00400847 0.00392303 0.00385833 ... 0.00275158 0.00271319 0.00267743],[0.0060687  0.0058902  0.0057051  ... 0.0033443  0.00331876 0.00329311]
1,16,2,2,1,39.707961411820555,5.297051668167114,1,5,"0     0.018369
1     0.016750
2     0.016270
3     0.016342
4     0.014082
        ...   
95    0.011904
96    0.015757
97    0.013850
98    0.013769
99    0.013353
Length: 100, dtype: float64","0     0.012818
1     0.012576
2     0.013843
3     0.013832
4     0.013385
        ...   
95    0.012380
96    0.012171
97    0.012216
98    0.012510
99    0.013259
Length: 100, dtype: float64",[0.00536862 0.00508464 0.00492574 ... 0.00368802 0.00365026 0.00361424],[0.00654135 0.00637313 0.00619628 ... 0.00331225 0.00328528 0.00325816]
2,16,2,2,1,38.320424383049776,6.108448028564453,1,10,"0     0.012531
1     0.016367
2     0.012731
3     0.015102
4     0.010592
        ...   
95    0.012542
96    0.011565
97    0.011925
98    0.013955
99    0.011938
Length: 100, dtype: float64","0     0.012719
1     0.012993
2     0.012347
3     0.012245
4     0.012256
        ...   
95    0.012804
96    0.012627
97    0.013448
98    0.013390
99    0.012090
Length: 100, dtype: float64",[0.0082788  0.00765106 0.00714454 ... 0.00277846 0.00273082 0.00268548],[0.00692578 0.00677644 0.00661678 ... 0.00330073 0.00327274 0.00324399]
3,16,2,2,1,39.046148088500026,5.397470951080322,1,15,"0     0.012196
1     0.013611
2     0.012888
3     0.011853
4     0.014193
        ...   
95    0.010532
96    0.013965
97    0.013552
98    0.010863
99    0.012336
Length: 100, dtype: float64","0     0.011438
1     0.011190
2     0.011056
3     0.010315
4     0.010762
        ...   
95    0.011110
96    0.011492
97    0.011677
98    0.011011
99    0.012172
Length: 100, dtype: float64",[0.01040543 0.00971571 0.00907242 ... 0.00180341 0.00175447 0.00170737],[0.00715864 0.00703089 0.00689141 ... 0.00318161 0.00315153 0.00312049]
4,16,2,2,1,45.79807343702309,5.4238810539245605,1,20,"0     0.010281
1     0.010854
2     0.009949
3     0.013374
4     0.010614
        ...   
95    0.009586
96    0.008559
97    0.009490
98    0.009385
99    0.010059
Length: 100, dtype: float64","0     0.012599
1     0.012411
2     0.012285
3     0.012455
4     0.013594
        ...   
95    0.012904
96    0.012716
97    0.013262
98    0.012727
99    0.012140
Length: 100, dtype: float64",[0.01347057 0.01258349 0.01179781 ... 0.00067145 0.00061988 0.00057008],[0.00738511 0.00728107 0.00716421 ... 0.00311768 0.00308517 0.00305135]
5,16,2,2,1,40.652893474070595,5.381716728210449,1,25,"0     0.008945
1     0.008056
2     0.009212
3     0.009414
4     0.009661
        ...   
95    0.008086
96    0.007174
97    0.008067
98    0.008010
99    0.008784
Length: 100, dtype: float64","0     0.013089
1     0.014059
2     0.014344
3     0.014254
4     0.014972
        ...   
95    0.014646
96    0.014748
97    0.014727
98    0.015773
99    0.015129
Length: 100, dtype: float64","[1.4682475e-02 1.4141449e-02 1.3364235e-02 ... 1.4116539e-04 9.1276030e-05
 4.2727399e-05]",[0.0076121  0.00753376 0.0074419  ... 0.00310946 0.00307402 0.00303704]
6,16,2,2,1,46.17317865664856,5.37852668762207,1,30,"0     0.008893
1     0.007685
2     0.006264
3     0.008462
4     0.009611
        ...   
95    0.007021
96    0.007429
97    0.008073
98    0.008140
99    0.007379
Length: 100, dtype: float64","0     0.014962
1     0.016274
2     0.015951
3     0.015680
4     0.015907
        ...   
95    0.016450
96    0.015984
97    0.015601
98    0.015200
99    0.015147
Length: 100, dtype: float64",[0.01668969 0.01675395 0.01646802 ... 0.00032373 0.00027287 0.00022311],[0.00773727 0.00768429 0.00761737 ... 0.00299751 0.00295863 0.00291816]
7,16,2,2,1,43.06192546786484,5.820302248001099,1,35,"0     0.008524
1     0.008008
2     0.006166
3     0.006195
4     0.008668
        ...   
95    0.006685
96    0.006398
97    0.007258
98    0.005942
99    0.007833
Length: 100, dtype: float64","0     0.017384
1     0.018523
2     0.019292
3     0.018463
4     0.017816
        ...   
95    0.019216
96    0.018476
97    0.019626
98    0.019388
99    0.019401
Length: 100, dtype: float64",[0.0164405  0.01652863 0.01660704 ... 0.00114307 0.00109457 0.00104693],[0.00793596 0.00790821 0.00786656 ... 0.00297258 0.00292994 0.00288559]
8,16,2,2,1,36.31218982765608,5.514993190765381,1,40,"0     0.006627
1     0.007831
2     0.006785
3     0.008115
4     0.007591
        ...   
95    0.006737
96    0.007717
97    0.007812
98    0.007057
99    0.006769
Length: 100, dtype: float64","0     0.019376
1     0.020084
2     0.020125
3     0.020311
4     0.019815
        ...   
95    0.022988
96    0.021846
97    0.021919
98    0.021357
99    0.022304
Length: 100, dtype: float64",[0.01651119 0.01661031 0.01670185 ... 0.00067877 0.00063208 0.00058604],[0.00813665 0.00813425 0.00811845 ... 0.00299449 0.00294778 0.00289922]
9,16,2,2,1,34.43416234766467,5.433436870574951,1,45,"0     0.007091
1     0.006559
2     0.006720
3     0.007519
4     0.006645
        ...   
95    0.006335
96    0.006304
97    0.006288
98    0.005376
99    0.006939
Length: 100, dtype: float64","0     0.022986
1     0.023339
2     0.022759
3     0.022770
4     0.023019
        ...   
95    0.025749
96    0.025425
97    0.025167
98    0.024716
99    0.024612
Length: 100, dtype: float64",[0.01763937 0.01775128 0.01785682 ... 0.00159238 0.00154722 0.00150245],[0.00831507 0.00833669 0.00834581 ... 0.00297989 0.00292817 0.00287458]
10,16,2,2,1,36.6995722145157,5.586819410324097,1,50,"0     0.007489
1     0.006080
2     0.007500
3     0.006393
4     0.006501
        ...   
95    0.006216
96    0.005473
97    0.005407
98    0.007813
99    0.006964
Length: 100, dtype: float64","0     0.026561
1     0.026056
2     0.025901
3     0.026595
4     0.026550
        ...   
95    0.026425
96    0.027064
97    0.026129
98    0.026089
99    0.026480
Length: 100, dtype: float64",[0.01736719 0.01749479 0.01761703 ... 0.00195301 0.00190936 0.00186547],[0.00827639 0.00832076 0.00835401 ... 0.00277635 0.0027199  0.00266188]
11,16,2,2,1,39.747233234928096,5.3464295864105225,1,55,"0     0.005274
1     0.006206
2     0.005736
3     0.006408
4     0.006315
        ...   
95    0.005297
96    0.005682
97    0.005462
98    0.005718
99    0.006027
Length: 100, dtype: float64","0     0.026764
1     0.026584
2     0.027342
3     0.028286
4     0.027822
        ...   
95    0.028632
96    0.028410
97    0.029188
98    0.028592
99    0.028040
Length: 100, dtype: float64",[0.01846238 0.01860242 0.01873763 ... 0.0018987  0.00185496 0.00181065],[0.00827026 0.00833516 0.00839073 ... 0.00265338 0.0025928  0.00253105]
12,16,2,2,1,33.901738937003906,5.351978778839111,1,60,"0     0.005571
1     0.006012
2     0.005384
3     0.008145
4     0.005089
        ...   
95    0.005582
96    0.005334
97    0.005897
98    0.006454
99    0.005477
Length: 100, dtype: float64","0     0.028161
1     0.027419
2     0.027206
3     0.028339
4     0.027888
        ...   
95    0.030589
96    0.030473
97    0.030678
98    0.030078
99    0.028845
Length: 100, dtype: float64",[0.02237108 0.02256784 0.02275448 ... 0.00190275 0.00184202 0.00178348],[0.01058042 0.01068334 0.01077699 ... 0.00333305 0.00325127 0.00317231]
13,16,2,2,1,30.554793923113564,5.445526838302612,1,65,"0     0.012834
1     0.010967
2     0.012452
3     0.011184
4     0.010891
        ...   
95    0.009475
96    0.008761
97    0.009851
98    0.008716
99    0.008926
Length: 100, dtype: float64","0     0.030809
1     0.026700
2     0.026519
3     0.024996
4     0.026111
        ...   
95    0.026710
96    0.026597
97    0.027130
98    0.026998
99    0.027384
Length: 100, dtype: float64",[0.02407012 0.0256476  0.02707274 ... 0.01562841 0.01549407 0.01536295],[0.01954003 0.02005616 0.02055893 ... 0.01530221 0.01517992 0.01506564]
14,16,2,2,1,39.25258850648646,5.350964784622192,1,70,"0     0.018793
1     0.020721
2     0.018275
3     0.016982
4     0.017147
        ...   
95    0.013572
96    0.014432
97    0.015628
98    0.015210
99    0.013441
Length: 100, dtype: float64","0     0.017345
1     0.021541
2     0.025751
3     0.028272
4     0.030017
        ...   
95    0.036952
96    0.037783
97    0.038075
98    0.036559
99    0.036749
Length: 100, dtype: float64",[0.01604882 0.01558253 0.01513205 ... 0.02179529 0.02187251 0.02194289],[0.01379429 0.01349053 0.01318873 ... 0.01539606 0.0154305  0.01545998]
15,16,2,2,1,83.53664619711503,5.39780592918396,1,75,"0     0.022835
1     0.018270
2     0.016958
3     0.018223
4     0.018762
        ...   
95    0.012950
96    0.012369
97    0.013199
98    0.012227
99    0.012611
Length: 100, dtype: float64","0     0.087728
1     0.087874
2     0.088725
3     0.088732
4     0.087993
        ...   
95    0.083046
96    0.083151
97    0.083273
98    0.083975
99    0.082717
Length: 100, dtype: float64",[0.07286665 0.0744289  0.07587986 ... 0.03541138 0.03494025 0.03466678],[0.03716945 0.03750769 0.03775413 ... 0.01729522 0.01782754 0.01858873]
16,16,2,2,1,31.979770022839666,5.419142484664917,1,80,"0     0.046494
1     0.034858
2     0.029113
3     0.021463
4     0.021646
        ...   
95    0.009498
96    0.009953
97    0.008211
98    0.009173
99    0.008664
Length: 100, dtype: float64","0     0.077350
1     0.071987
2     0.067458
3     0.062811
4     0.060568
        ...   
95    0.044118
96    0.043766
97    0.044151
98    0.043849
99    0.043530
Length: 100, dtype: float64",[0.39312658 0.39409626 0.39432347 ... 0.4460604  0.45094147 0.45708123],[0.23639105 0.23689636 0.23750595 ... 0.31706017 0.31759511 0.31820337]
17,16,2,2,1,88.55085844002758,5.636551856994629,1,85,"0     0.023985
1     0.021040
2     0.018957
3     0.020465
4     0.018975
        ...   
95    0.014163
96    0.015163
97    0.014721
98    0.013433
99    0.013025
Length: 100, dtype: float64","0     0.032184
1     0.033245
2     0.034086
3     0.035012
4     0.035804
        ...   
95    0.045871
96    0.046295
97    0.046455
98    0.046378
99    0.046637
Length: 100, dtype: float64",[0.08185276 0.08244076 0.08300505 ... 0.14181876 0.14150247 0.1407492 ],[0.04387214 0.04410289 0.04427791 ... 0.06374478 0.06310584 0.06235699]
18,16,2,2,1,59.80019545613441,5.361111640930176,1,90,"0     0.020415
1     0.017815
2     0.011072
3     0.013017
4     0.010935
        ...   
95    0.007977
96    0.008071
97    0.008433
98    0.008800
99    0.008805
Length: 100, dtype: float64","0     0.013423
1     0.016363
2     0.019089
3     0.020376
4     0.021307
        ...   
95    0.020956
96    0.021029
97    0.020887
98    0.020920
99    0.021561
Length: 100, dtype: float64",[0.03872479 0.03885737 0.03897554 ... 0.00733379 0.00737539 0.00741967],[0.01295159 0.01295285 0.01293581 ... 0.00361867 0.00367869 0.0037287 ]
19,16,2,2,1,51.42418355987169,5.430463075637817,1,95,"0     0.013805
1     0.011285
2     0.008370
3     0.007838
4     0.007704
        ...   
95    0.005512
96    0.006240
97    0.005682
98    0.006708
99    0.007136
Length: 100, dtype: float64","0     0.007686
1     0.005978
2     0.004985
3     0.004333
4     0.004097
        ...   
95    0.003188
96    0.003180
97    0.003214
98    0.003197
99    0.003184
Length: 100, dtype: float64",[0.01421999 0.01421631 0.01421335 ... 0.0039654  0.00436109 0.00461284],[0.00755667 0.00756577 0.00757285 ... 0.00239001 0.00239291 0.00239818]
20,16,2,2,1,19.522788370370193,5.432328701019287,1,100,"0     0.006847
1     0.006950
2     0.006997
3     0.007475
4     0.007889
        ...   
95    0.006770
96    0.006110
97    0.007320
98    0.007647
99    0.006571
Length: 100, dtype: float64","0     0.027038
1     0.025948
2     0.026425
3     0.024686
4     0.024690
        ...   
95    0.029101
96    0.029347
97    0.028413
98    0.029293
99    0.029304
Length: 100, dtype: float64",[0.00683671 0.00652231 0.00637067 ... 0.0037514  0.00374499 0.00373889],[0.0089203  0.0089246  0.00893357 ... 0.00383723 0.00383303 0.00382873]
21,16,2,2,1,21.334765124050563,5.442708730697632,1,105,"0     0.006407
1     0.005826
2     0.005714
3     0.006267
4     0.005312
        ...   
95    0.005456
96    0.005375
97    0.005505
98    0.005445
99    0.006070
Length: 100, dtype: float64","0     0.031992
1     0.032187
2     0.033260
3     0.033374
4     0.033510
        ...   
95    0.034935
96    0.034039
97    0.033148
98    0.032684
99    0.034140
Length: 100, dtype: float64",[0.00842973 0.00840128 0.00837086 ... 0.00518072 0.00517261 0.0051643 ],[0.00855049 0.00849129 0.00842994 ... 0.00712507 0.00711817 0.00711157]
22,16,2,2,1,22.54433297480616,5.419953346252441,1,110,"0     0.005743
1     0.007209
2     0.005919
3     0.005637
4     0.006011
        ...   
95    0.004941
96    0.005604
97    0.006233
98    0.004410
99    0.005615
Length: 100, dtype: float64","0     0.016043
1     0.014860
2     0.014251
3     0.013953
4     0.013670
        ...   
95    0.014577
96    0.014902
97    0.014426
98    0.014234
99    0.014714
Length: 100, dtype: float64",[0.00628133 0.00624648 0.0062126  ... 0.00777257 0.00776358 0.00775481],[0.00617072 0.00613996 0.00610612 ... 0.0102731  0.01026345 0.01025349]
23,16,2,2,1,24.91446735232203,5.4243364334106445,1,115,"0     0.004746
1     0.004607
2     0.004849
3     0.005642
4     0.006478
        ...   
95    0.004434
96    0.004115
97    0.005206
98    0.004197
99    0.004055
Length: 100, dtype: float64","0     0.006938
1     0.006234
2     0.005811
3     0.005621
4     0.005901
        ...   
95    0.005433
96    0.005188
97    0.005041
98    0.004852
99    0.004874
Length: 100, dtype: float64",[0.00385611 0.00381926 0.00378216 ... 0.00971134 0.00970349 0.00969564],[0.00106806 0.0010168  0.00097722 ... 0.01034885 0.01033739 0.01032645]
24,16,2,2,1,24.8626233621936,5.408726692199707,1,120,"0     0.005979
1     0.005731
2     0.005247
3     0.004635
4     0.004383
        ...   
95    0.005451
96    0.005224
97    0.005553
98    0.004629
99    0.004555
Length: 100, dtype: float64","0     0.008502
1     0.008057
2     0.007550
3     0.007380
4     0.007336
        ...   
95    0.004688
96    0.004645
97    0.004790
98    0.004498
99    0.004371
Length: 100, dtype: float64",[0.00638665 0.0064779  0.00657027 ... 0.0115379  0.01153043 0.01152293],[0.00101518 0.00113173 0.00125478 ... 0.01018273 0.01017015 0.01015769]
25,16,2,2,1,24.842450078626552,5.810442686080933,1,125,"0     0.004291
1     0.004240
2     0.004752
3     0.004462
4     0.004640
        ...   
95    0.004289
96    0.004392
97    0.004427
98    0.004354
99    0.004305
Length: 100, dtype: float64","0     0.006039
1     0.006557
2     0.006824
3     0.007152
4     0.007225
        ...   
95    0.008690
96    0.008971
97    0.008598
98    0.009230
99    0.009393
Length: 100, dtype: float64",[0.00815799 0.00835546 0.008558   ... 0.01466139 0.01465187 0.01464229],[0.00800189 0.00822275 0.00844565 ... 0.01586367 0.01584726 0.01583112]
26,16,2,2,1,29.47923447533495,5.474080562591553,1,130,"0     0.003192
1     0.003686
2     0.003745
3     0.003584
4     0.003563
        ...   
95    0.003732
96    0.003228
97    0.002942
98    0.003570
99    0.003236
Length: 100, dtype: float64","0     0.014221
1     0.015258
2     0.016856
3     0.018108
4     0.017822
        ...   
95    0.020890
96    0.019938
97    0.019867
98    0.020370
99    0.020885
Length: 100, dtype: float64",[0.01358471 0.01386584 0.01414504 ... 0.01592664 0.01591311 0.01589963],[0.01432337 0.01459526 0.01486561 ... 0.01893908 0.01891705 0.0188951 ]
27,16,2,2,1,34.69948228891599,5.366382122039795,1,135,"0     0.003451
1     0.002843
2     0.003349
3     0.003416
4     0.003326
        ...   
95    0.003276
96    0.003265
97    0.003442
98    0.003400
99    0.002796
Length: 100, dtype: float64","0     0.024831
1     0.022400
2     0.021658
3     0.021742
4     0.021599
        ...   
95    0.025284
96    0.023039
97    0.021576
98    0.020990
99    0.021931
Length: 100, dtype: float64",[0.01933517 0.01958597 0.01983738 ... 0.01727188 0.01725322 0.01723464],[0.0193484  0.01955115 0.01975111 ... 0.02123398 0.02120227 0.02117054]
28,16,2,2,1,31.812840074350664,5.380204200744629,1,140,"0     0.002603
1     0.003192
2     0.002848
3     0.002940
4     0.003122
        ...   
95    0.003484
96    0.003232
97    0.002504
98    0.003136
99    0.003430
Length: 100, dtype: float64","0     0.029168
1     0.027750
2     0.025041
3     0.023517
4     0.023447
        ...   
95    0.022315
96    0.021543
97    0.019932
98    0.021845
99    0.022294
Length: 100, dtype: float64",[0.02625753 0.02630696 0.02634263 ... 0.02215036 0.02212532 0.02210012],[0.02383681 0.02380848 0.02376697 ... 0.02815671 0.02811278 0.02806942]
29,16,2,2,1,34.66096676583137,5.438271522521973,1,145,"0     0.003194
1     0.002666
2     0.003390
3     0.003525
4     0.002592
        ...   
95    0.002499
96    0.003000
97    0.002881
98    0.002895
99    0.003107
Length: 100, dtype: float64","0     0.028132
1     0.023748
2     0.022457
3     0.022140
4     0.021930
        ...   
95    0.022066
96    0.021745
97    0.022567
98    0.021769
99    0.020585
Length: 100, dtype: float64",[0.01797628 0.01782357 0.01766454 ... 0.02622232 0.02619374 0.02616523],[0.01735998 0.0171091  0.0168551  ... 0.03131319 0.03125026 0.03118826]
30,16,2,2,1,28.786834129598446,5.416254758834839,1,150,"0     0.002575
1     0.002563
2     0.003289
3     0.003022
4     0.002746
        ...   
95    0.003016
96    0.002901
97    0.002987
98    0.002260
99    0.002038
Length: 100, dtype: float64","0     0.028223
1     0.025691
2     0.026819
3     0.029347
4     0.030251
        ...   
95    0.029951
96    0.030592
97    0.028972
98    0.025361
99    0.027405
Length: 100, dtype: float64",[0.01208737 0.01203665 0.01199638 ... 0.02777801 0.02774739 0.02771704],[0.01233836 0.01242805 0.01255289 ... 0.03843849 0.03834984 0.03826172]
31,16,2,2,1,31.368653042786285,5.513464450836182,1,155,"0     0.002429
1     0.002234
2     0.001864
3     0.002095
4     0.002037
        ...   
95    0.002353
96    0.002308
97    0.002111
98    0.002824
99    0.003451
Length: 100, dtype: float64","0     0.032700
1     0.033886
2     0.032154
3     0.032155
4     0.033197
        ...   
95    0.031944
96    0.031639
97    0.033839
98    0.035476
99    0.031547
Length: 100, dtype: float64",[0.01270564 0.013372   0.01410658 ... 0.02831309 0.02827514 0.02823678],[0.0183369  0.01895194 0.01957097 ... 0.04659001 0.04646882 0.04634803]
32,16,2,2,1,30.445399847178447,5.444723844528198,1,160,"0     0.002441
1     0.002661
2     0.002984
3     0.002350
4     0.002472
        ...   
95    0.002093
96    0.002070
97    0.002405
98    0.002183
99    0.001884
Length: 100, dtype: float64","0     0.035083
1     0.036222
2     0.036254
3     0.038749
4     0.037173
        ...   
95    0.036652
96    0.035910
97    0.034948
98    0.039090
99    0.038732
Length: 100, dtype: float64",[0.02506952 0.02578863 0.02648175 ... 0.02855335 0.02852895 0.02850479],[0.02838733 0.02873899 0.02906323 ... 0.05673553 0.05657997 0.05642541]
33,16,2,2,1,29.857055612791395,5.397488355636597,1,165,"0     0.002217
1     0.001960
2     0.001863
3     0.002468
4     0.002457
        ...   
95    0.002128
96    0.002230
97    0.001434
98    0.001706
99    0.002016
Length: 100, dtype: float64","0     0.043373
1     0.046273
2     0.046096
3     0.043934
4     0.039731
        ...   
95    0.043152
96    0.036713
97    0.036074
98    0.037899
99    0.040544
Length: 100, dtype: float64",[0.0283055  0.02775084 0.02728329 ... 0.03008529 0.03001031 0.02993449],[0.02858738 0.02829457 0.02796599 ... 0.0681604  0.06797898 0.06779922]
34,16,2,2,1,32.08804198865073,5.397818088531494,1,170,"0     0.002484
1     0.001832
2     0.002949
3     0.001681
4     0.002043
        ...   
95    0.001344
96    0.002028
97    0.001754
98    0.002233
99    0.001676
Length: 100, dtype: float64","0     0.063572
1     0.060353
2     0.058160
3     0.056379
4     0.056355
        ...   
95    0.051652
96    0.055375
97    0.057789
98    0.058910
99    0.058133
Length: 100, dtype: float64",[0.01693539 0.01643312 0.01590479 ... 0.03288087 0.03276682 0.03265397],[0.01636663 0.01558561 0.01479235 ... 0.07971389 0.07950655 0.07930048]
35,16,2,2,1,27.602025694747915,5.426909923553467,1,175,"0     0.001831
1     0.002293
2     0.001694
3     0.002130
4     0.001384
        ...   
95    0.002785
96    0.001739
97    0.001530
98    0.001759
99    0.001616
Length: 100, dtype: float64","0     0.075961
1     0.075666
2     0.072839
3     0.073219
4     0.075966
        ...   
95    0.071835
96    0.072031
97    0.073183
98    0.076176
99    0.075719
Length: 100, dtype: float64",[0.00796574 0.0075158  0.007083   ... 0.04214007 0.04198147 0.04182332],[0.00497567 0.00458858 0.00426476 ... 0.092644   0.09242571 0.09220747]
36,16,2,2,1,24.619778725483005,5.3264689445495605,1,180,"0     0.001722
1     0.001733
2     0.001769
3     0.001692
4     0.001988
        ...   
95    0.001288
96    0.001358
97    0.001913
98    0.002450
99    0.001985
Length: 100, dtype: float64","0     0.081583
1     0.078522
2     0.075708
3     0.078017
4     0.076799
        ...   
95    0.072421
96    0.074036
97    0.071700
98    0.072927
99    0.072929
Length: 100, dtype: float64",[0.00963404 0.01005949 0.01038806 ... 0.05106923 0.05091705 0.05076586],[0.00961966 0.01006102 0.01050716 ... 0.10458105 0.10436161 0.10414298]
37,16,2,2,1,26.308575174487043,5.362440347671509,1,185,"0     0.002084
1     0.002376
2     0.001795
3     0.002028
4     0.001679
        ...   
95    0.002219
96    0.001502
97    0.001777
98    0.001765
99    0.001860
Length: 100, dtype: float64","0     0.032777
1     0.032734
2     0.030957
3     0.031135
4     0.031300
        ...   
95    0.031727
96    0.032558
97    0.034219
98    0.035776
99    0.036597
Length: 100, dtype: float64",[0.016552   0.01687353 0.01717848 ... 0.05573503 0.05557679 0.05541604],[0.01759207 0.01779058 0.01796793 ... 0.11496111 0.11474394 0.11452865]
38,16,2,2,1,25.021604077217713,5.342514991760254,1,190,"0     0.001876
1     0.002344
2     0.001767
3     0.001877
4     0.002518
        ...   
95    0.003033
96    0.001689
97    0.002089
98    0.002203
99    0.001802
Length: 100, dtype: float64","0     0.027376
1     0.025810
2     0.025362
3     0.025365
4     0.024838
        ...   
95    0.023260
96    0.022158
97    0.023878
98    0.024410
99    0.024492
Length: 100, dtype: float64",[0.01913543 0.01920509 0.01922323 ... 0.06699888 0.0668172  0.06663561],[0.01923453 0.01909001 0.01892844 ... 0.12370477 0.1235006  0.12329675]
39,16,2,2,1,23.277917491039112,5.459293842315674,1,195,"0     0.001793
1     0.002369
2     0.002037
3     0.002208
4     0.001652
        ...   
95    0.002465
96    0.001828
97    0.002155
98    0.002093
99    0.001834
Length: 100, dtype: float64","0     0.019976
1     0.021515
2     0.021270
3     0.019043
4     0.019743
        ...   
95    0.017264
96    0.017724
97    0.017638
98    0.017252
99    0.017998
Length: 100, dtype: float64",[0.01616072 0.01580204 0.01546241 ... 0.07766937 0.07749662 0.07732408],[0.01699787 0.01670354 0.01640818 ... 0.13392215 0.13373194 0.13353909]
40,16,2,2,1,20.815480737439586,5.436441659927368,1,200,"0     0.002202
1     0.002327
2     0.001718
3     0.002039
4     0.001928
        ...   
95    0.001350
96    0.001821
97    0.001376
98    0.001891
99    0.002668
Length: 100, dtype: float64","0     0.012707
1     0.014247
2     0.015152
3     0.015138
4     0.016339
        ...   
95    0.012776
96    0.011785
97    0.011314
98    0.011970
99    0.013900
Length: 100, dtype: float64",[0.01497753 0.01481721 0.01466752 ... 0.08728342 0.08713023 0.08697569],[0.01539183 0.01521076 0.01504563 ... 0.1461782  0.14600471 0.1458305 ]
41,16,2,2,1,19.07275161439241,5.568064212799072,1,205,"0     0.001533
1     0.001973
2     0.001436
3     0.001625
4     0.001340
        ...   
95    0.001766
96    0.002347
97    0.001419
98    0.001599
99    0.001303
Length: 100, dtype: float64","0     0.009240
1     0.009912
2     0.009903
3     0.009780
4     0.009146
        ...   
95    0.007721
96    0.006785
97    0.007140
98    0.007375
99    0.006773
Length: 100, dtype: float64",[0.01521639 0.01557117 0.01634164 ... 0.09897181 0.09883747 0.09870137],[0.0160094  0.01610871 0.01622839 ... 0.15709276 0.15694335 0.15679395]
42,16,2,2,1,17.404343120537742,5.483545303344727,1,210,"0     0.001358
1     0.001276
2     0.001508
3     0.001287
4     0.001303
        ...   
95    0.001470
96    0.001607
97    0.001337
98    0.001484
99    0.001386
Length: 100, dtype: float64","0     0.005404
1     0.005317
2     0.005951
3     0.006632
4     0.007086
        ...   
95    0.005420
96    0.005049
97    0.005374
98    0.005616
99    0.005044
Length: 100, dtype: float64",[0.01847613 0.01864962 0.01885377 ... 0.10668907 0.10658766 0.10648552],[0.01949591 0.01980152 0.02012037 ... 0.16582228 0.16570008 0.16557843]
43,16,2,2,1,17.594152522560524,5.4407289028167725,1,215,"0     0.001346
1     0.001187
2     0.001546
3     0.001429
4     0.001254
        ...   
95    0.001845
96    0.001444
97    0.001723
98    0.001202
99    0.001553
Length: 100, dtype: float64","0     0.003025
1     0.003385
2     0.003412
3     0.003338
4     0.003540
        ...   
95    0.005126
96    0.004157
97    0.002481
98    0.002252
99    0.002782
Length: 100, dtype: float64",[0.02146794 0.02188223 0.02229994 ... 0.11227695 0.11220372 0.11212901],[0.02317049 0.02354311 0.02392026 ... 0.17230788 0.17222049 0.17213631]
44,16,2,2,1,17.958544072112428,5.387676477432251,1,220,"0     0.001359
1     0.001440
2     0.001266
3     0.001305
4     0.001122
        ...   
95    0.001030
96    0.001353
97    0.001470
98    0.001316
99    0.001118
Length: 100, dtype: float64","0     0.002827
1     0.002422
2     0.002785
3     0.003195
4     0.003014
        ...   
95    0.002345
96    0.002354
97    0.002725
98    0.002630
99    0.002430
Length: 100, dtype: float64",[0.02458114 0.02496209 0.02534784 ... 0.11669651 0.11658096 0.11646511],[0.02669838 0.0270386  0.02737747 ... 0.17695546 0.17691202 0.17687087]
45,16,2,2,1,15.926360469832854,5.368177652359009,1,225,"0     0.001666
1     0.001157
2     0.001214
3     0.001820
4     0.001106
        ...   
95    0.001001
96    0.001541
97    0.001266
98    0.001693
99    0.001201
Length: 100, dtype: float64","0     0.002004
1     0.001634
2     0.002281
3     0.002494
4     0.002597
        ...   
95    0.002866
96    0.002421
97    0.001803
98    0.001674
99    0.001710
Length: 100, dtype: float64",[0.02673355 0.02712091 0.02751337 ... 0.15301882 0.15300201 0.15298335],[0.02949788 0.02978498 0.03007127 ... 0.17922242 0.17922724 0.17922909]
46,16,2,2,1,17.006130721417897,5.413677453994751,1,230,"0     0.001380
1     0.001524
2     0.001135
3     0.001009
4     0.001285
        ...   
95    0.001022
96    0.001848
97    0.000997
98    0.001418
99    0.001462
Length: 100, dtype: float64","0     0.002001
1     0.001883
2     0.002559
3     0.002632
4     0.002297
        ...   
95    0.002587
96    0.002169
97    0.001649
98    0.001829
99    0.002570
Length: 100, dtype: float64",[0.02875361 0.02915946 0.02957053 ... 0.15148373 0.15150744 0.15153168],[0.03152627 0.03183447 0.03214893 ... 0.18021973 0.18027034 0.18031646]
47,16,2,2,1,11.926531779956056,5.447489976882935,1,235,"0     0.001235
1     0.001333
2     0.001311
3     0.001028
4     0.000909
        ...   
95    0.001039
96    0.001475
97    0.001775
98    0.001257
99    0.001279
Length: 100, dtype: float64","0     0.002910
1     0.002890
2     0.002722
3     0.002571
4     0.002615
        ...   
95    0.002279
96    0.002310
97    0.002451
98    0.002293
99    0.002532
Length: 100, dtype: float64",[0.03975763 0.04025709 0.04076974 ... 0.15640478 0.15646675 0.1565256 ],[0.03793104 0.03835602 0.03879248 ... 0.18086278 0.18095188 0.18104489]
48,16,2,2,1,12.188716675379347,5.409071922302246,1,240,"0     0.001152
1     0.001150
2     0.001174
3     0.001207
4     0.001263
        ...   
95    0.001205
96    0.001214
97    0.001478
98    0.001209
99    0.001075
Length: 100, dtype: float64","0     0.002832
1     0.002658
2     0.002945
3     0.003395
4     0.003380
        ...   
95    0.002616
96    0.002793
97    0.002736
98    0.003480
99    0.003257
Length: 100, dtype: float64",[0.0466466  0.04729929 0.0479474  ... 0.15517822 0.15527837 0.15537861],[0.04361015 0.0441783  0.04475385 ... 0.18113696 0.18127242 0.18140422]
49,16,2,2,1,11.82263588256152,5.3893632888793945,1,245,"0     0.001497
1     0.001476
2     0.001203
3     0.001029
4     0.000942
        ...   
95    0.001403
96    0.000838
97    0.001271
98    0.001417
99    0.001515
Length: 100, dtype: float64","0     0.004269
1     0.003912
2     0.003611
3     0.003500
4     0.003842
        ...   
95    0.002995
96    0.002971
97    0.003768
98    0.003867
99    0.003945
Length: 100, dtype: float64",[0.05492936 0.05556244 0.05618871 ... 0.15839173 0.15853268 0.15867   ],[0.0514016  0.0520239  0.05264315 ... 0.18113282 0.18130348 0.18147852]
50,16,2,2,1,10.20704318472247,5.356523752212524,1,250,"0     0.002098
1     0.001474
2     0.001104
3     0.001182
4     0.001598
        ...   
95    0.000982
96    0.001010
97    0.001109
98    0.001276
99    0.001019
Length: 100, dtype: float64","0     0.003612
1     0.002850
2     0.002784
3     0.003461
4     0.003851
        ...   
95    0.002833
96    0.002805
97    0.003037
98    0.002595
99    0.002213
Length: 100, dtype: float64",[0.06257625 0.06318887 0.06379162 ... 0.1646914  0.16487141 0.16504894],[0.05890221 0.0594504  0.05998412 ... 0.17997988 0.1801905  0.18040105]
51,16,2,2,1,11.41984249075621,5.354965686798096,1,255,"0     0.000976
1     0.001272
2     0.001009
3     0.001148
4     0.001410
        ...   
95    0.001611
96    0.001420
97    0.001284
98    0.001113
99    0.001309
Length: 100, dtype: float64","0     0.002422
1     0.002642
2     0.002832
3     0.002696
4     0.002382
        ...   
95    0.002286
96    0.002234
97    0.002141
98    0.002317
99    0.002496
Length: 100, dtype: float64",[0.06485424 0.06530423 0.06573804 ... 0.14922154 0.14941044 0.14959736],[0.06250633 0.06284668 0.06316504 ... 0.16858237 0.16881494 0.16904578]
52,16,2,2,1,11.498820133195904,5.3121631145477295,1,260,"0     0.001206
1     0.001243
2     0.001406
3     0.000986
4     0.001405
        ...   
95    0.001535
96    0.001497
97    0.001231
98    0.001295
99    0.001085
Length: 100, dtype: float64","0     0.002345
1     0.002409
2     0.002420
3     0.002223
4     0.001991
        ...   
95    0.002773
96    0.001769
97    0.001736
98    0.001995
99    0.002203
Length: 100, dtype: float64",[0.06788494 0.06813712 0.06836936 ... 0.14062372 0.14084852 0.14107278],[0.06287211 0.06296445 0.06303191 ... 0.15694369 0.15719406 0.1574437 ]
53,16,2,2,1,11.74794128037873,5.410657167434692,1,265,"0     0.000828
1     0.001039
2     0.001525
3     0.001755
4     0.001320
        ...   
95    0.000986
96    0.000816
97    0.001116
98    0.001319
99    0.000963
Length: 100, dtype: float64","0     0.002476
1     0.002389
2     0.002488
3     0.002215
4     0.001987
        ...   
95    0.002213
96    0.002063
97    0.002570
98    0.002125
99    0.001777
Length: 100, dtype: float64",[0.06941386 0.0687587  0.06826363 ... 0.13207187 0.13231339 0.13255213],[0.0615534  0.06140884 0.0612409  ... 0.14519203 0.14547032 0.14574533]
54,16,2,2,1,11.82333770042092,5.449545621871948,1,270,"0     0.001376
1     0.001238
2     0.001050
3     0.001235
4     0.001234
        ...   
95    0.001146
96    0.001322
97    0.001244
98    0.001287
99    0.001277
Length: 100, dtype: float64","0     0.002339
1     0.002704
2     0.002399
3     0.002143
4     0.002576
        ...   
95    0.002345
96    0.002394
97    0.002830
98    0.002608
99    0.002637
Length: 100, dtype: float64",[0.05750463 0.05651401 0.05553225 ... 0.11638255 0.11664614 0.11690486],[0.05854371 0.05821327 0.05786412 ... 0.13323107 0.1335343  0.13383966]
55,16,2,2,1,12.659188359932887,5.293942928314209,1,275,"0     0.001194
1     0.000852
2     0.001278
3     0.001074
4     0.001143
        ...   
95    0.000882
96    0.000870
97    0.001096
98    0.001472
99    0.000899
Length: 100, dtype: float64","0     0.002663
1     0.002400
2     0.002339
3     0.002187
4     0.002505
        ...   
95    0.002403
96    0.002941
97    0.002873
98    0.002590
99    0.003210
Length: 100, dtype: float64",[0.04588439 0.04516216 0.04450856 ... 0.10219698 0.10249109 0.10278335],[0.05317466 0.05272366 0.05226043 ... 0.12022665 0.12056929 0.12091147]
56,16,2,2,1,12.216421762685629,5.351802110671997,1,280,"0     0.001703
1     0.000969
2     0.000935
3     0.001354
4     0.000701
        ...   
95    0.001298
96    0.001604
97    0.000945
98    0.001700
99    0.001270
Length: 100, dtype: float64","0     0.002665
1     0.002400
2     0.002500
3     0.002549
4     0.002494
        ...   
95    0.001612
96    0.001742
97    0.001851
98    0.001967
99    0.002139
Length: 100, dtype: float64",[0.04180485 0.04144023 0.04107907 ... 0.09188129 0.09222656 0.0925698 ],[0.04819692 0.04770303 0.04720323 ... 0.106797   0.10718631 0.10757395]
57,16,2,2,1,13.175374349721316,5.363073825836182,1,285,"0     0.001415
1     0.001115
2     0.001473
3     0.000814
4     0.001082
        ...   
95    0.001799
96    0.001182
97    0.001219
98    0.001255
99    0.001193
Length: 100, dtype: float64","0     0.002636
1     0.003120
2     0.003113
3     0.003169
4     0.003460
        ...   
95    0.002786
96    0.003049
97    0.003169
98    0.003456
99    0.003283
Length: 100, dtype: float64",[0.03766134 0.03734021 0.03700976 ... 0.07870892 0.07909478 0.07947884],[0.04446049 0.04398616 0.04351132 ... 0.09326766 0.09369752 0.09412557]
58,16,2,2,1,13.72958730057048,5.340305328369141,1,290,"0     0.000776
1     0.000786
2     0.001118
3     0.001319
4     0.001299
        ...   
95    0.001268
96    0.001283
97    0.001087
98    0.001541
99    0.000930
Length: 100, dtype: float64","0     0.003116
1     0.002776
2     0.003142
3     0.003715
4     0.003791
        ...   
95    0.002676
96    0.003097
97    0.003354
98    0.003189
99    0.003117
Length: 100, dtype: float64",[0.03451011 0.03419372 0.03386259 ... 0.06440883 0.0647817  0.06515354],[0.03943025 0.03899952 0.03857059 ... 0.07813514 0.07859387 0.07905181]
59,16,2,2,1,15.301708328999771,5.639320611953735,1,295,"0     0.000850
1     0.001626
2     0.000967
3     0.000914
4     0.001066
        ...   
95    0.001413
96    0.001463
97    0.001362
98    0.001226
99    0.001117
Length: 100, dtype: float64","0     0.002640
1     0.002612
2     0.002548
3     0.002735
4     0.003012
        ...   
95    0.003172
96    0.002856
97    0.002586
98    0.003056
99    0.003258
Length: 100, dtype: float64",[0.03181056 0.03150818 0.03119048 ... 0.05222763 0.05257332 0.05290924],[0.03568602 0.03530461 0.03492403 ... 0.06373862 0.0641817  0.06462582]
60,16,2,2,1,13.125760096489207,5.448881149291992,1,300,"0     0.001066
1     0.001243
2     0.001363
3     0.001502
4     0.000820
        ...   
95    0.000920
96    0.000847
97    0.001004
98    0.001029
99    0.001014
Length: 100, dtype: float64","0     0.003700
1     0.003417
2     0.003083
3     0.002935
4     0.002278
        ...   
95    0.003440
96    0.003417
97    0.002898
98    0.002293
99    0.002409
Length: 100, dtype: float64",[0.0321133  0.03180986 0.0314814  ... 0.0435051  0.04374785 0.04399254],[0.03397501 0.03362426 0.0332719  ... 0.05261473 0.0529589  0.05330823]
61,16,2,2,1,13.384732152708539,5.431524276733398,1,305,"0     0.000959
1     0.000551
2     0.001096
3     0.001614
4     0.001228
        ...   
95    0.001145
96    0.000935
97    0.001028
98    0.001403
99    0.001086
Length: 100, dtype: float64","0     0.002294
1     0.002460
2     0.003202
3     0.002448
4     0.002124
        ...   
95    0.002150
96    0.002694
97    0.002681
98    0.002495
99    0.002002
Length: 100, dtype: float64",[0.02829348 0.02795613 0.02761687 ... 0.03439882 0.03504745 0.03567893],[0.03140987 0.03105739 0.03070028 ... 0.04495826 0.04510629 0.04526328]
62,16,2,2,1,16.001495382574447,5.4241883754730225,1,310,"0     0.001014
1     0.001170
2     0.001067
3     0.001378
4     0.001188
        ...   
95    0.001430
96    0.001372
97    0.001149
98    0.001390
99    0.001200
Length: 100, dtype: float64","0     0.001911
1     0.001831
2     0.002078
3     0.002366
4     0.002755
        ...   
95    0.002913
96    0.002920
97    0.002666
98    0.002005
99    0.002242
Length: 100, dtype: float64",[0.02594997 0.02558038 0.02520558 ... 0.03112173 0.03110108 0.03108518],[0.02834092 0.02796134 0.02757519 ... 0.0429294  0.04284579 0.04277053]
63,16,2,2,1,15.94175519643216,5.366418838500977,1,315,"0     0.001228
1     0.001089
2     0.000902
3     0.001164
4     0.001422
        ...   
95    0.001331
96    0.000950
97    0.001316
98    0.001314
99    0.001005
Length: 100, dtype: float64","0     0.002603
1     0.002327
2     0.002102
3     0.001872
4     0.002474
        ...   
95    0.003221
96    0.002688
97    0.002236
98    0.002832
99    0.002813
Length: 100, dtype: float64",[0.02313654 0.02269699 0.02225221 ... 0.03211227 0.03199321 0.03187229],[0.02617211 0.02575396 0.02532842 ... 0.04672299 0.04650252 0.04628548]
64,16,2,2,1,16.12234798446208,5.395939111709595,1,320,"0     0.000880
1     0.000783
2     0.001009
3     0.001240
4     0.001454
        ...   
95    0.000935
96    0.001637
97    0.000922
98    0.000852
99    0.000950
Length: 100, dtype: float64","0     0.002633
1     0.002266
2     0.002333
3     0.002049
4     0.001888
        ...   
95    0.002459
96    0.002652
97    0.002210
98    0.002400
99    0.003171
Length: 100, dtype: float64",[0.02020758 0.01973271 0.01924988 ... 0.0339146  0.0337672  0.03361507],[0.02334925 0.02289005 0.02242388 ... 0.05175381 0.0515255  0.05129594]
65,16,2,2,1,17.826378479035355,5.381053447723389,1,325,"0     0.000873
1     0.001223
2     0.000734
3     0.001251
4     0.001033
        ...   
95    0.000959
96    0.001012
97    0.001656
98    0.001535
99    0.000668
Length: 100, dtype: float64","0     0.003525
1     0.003271
2     0.003133
3     0.002882
4     0.003223
        ...   
95    0.004094
96    0.004315
97    0.003212
98    0.003494
99    0.004103
Length: 100, dtype: float64",[0.01765262 0.01714301 0.01662738 ... 0.03556167 0.0354774  0.03538509],[0.02008963 0.01959442 0.01909378 ... 0.05547031 0.05532481 0.05517496]
66,16,2,2,1,17.16192475784565,5.439099073410034,1,330,"0     0.001212
1     0.001555
2     0.001307
3     0.001204
4     0.000928
        ...   
95    0.000906
96    0.001446
97    0.001290
98    0.000962
99    0.000984
Length: 100, dtype: float64","0     0.004496
1     0.003779
2     0.003703
3     0.004121
4     0.004497
        ...   
95    0.004839
96    0.005091
97    0.004877
98    0.004155
99    0.004252
Length: 100, dtype: float64",[0.01555934 0.01500387 0.01445354 ... 0.04507226 0.04507673 0.04507593],[0.01699621 0.01647994 0.01596008 ... 0.05673517 0.05672199 0.05670293]
67,16,2,2,1,16.841116069025432,5.391940355300903,1,335,"0     0.001680
1     0.001385
2     0.001503
3     0.001087
4     0.001496
        ...   
95    0.001187
96    0.001028
97    0.001105
98    0.001332
99    0.000968
Length: 100, dtype: float64","0     0.004162
1     0.004466
2     0.004790
3     0.005062
4     0.005077
        ...   
95    0.004596
96    0.004784
97    0.005990
98    0.005687
99    0.005618
Length: 100, dtype: float64",[0.01226379 0.01173915 0.0112174  ... 0.04174565 0.04186257 0.04197427],[0.01417408 0.01365264 0.01312999 ... 0.05498861 0.05512377 0.05525244]
68,16,2,2,1,16.610699649091938,5.371317148208618,1,340,"0     0.001241
1     0.001124
2     0.000899
3     0.001044
4     0.001587
        ...   
95    0.001329
96    0.001200
97    0.000903
98    0.000838
99    0.002000
Length: 100, dtype: float64","0     0.007071
1     0.007701
2     0.006367
3     0.006501
4     0.006272
        ...   
95    0.007474
96    0.008111
97    0.007738
98    0.007634
99    0.007850
Length: 100, dtype: float64",[0.00924213 0.00872798 0.00821572 ... 0.03654259 0.0367391  0.03693728],[0.01141526 0.01090387 0.01039339 ... 0.05015093 0.05042117 0.05068587]
69,16,2,2,1,16.473573800528012,5.4387781620025635,1,345,"0     0.001202
1     0.001156
2     0.001316
3     0.000839
4     0.001022
        ...   
95    0.001524
96    0.001165
97    0.000946
98    0.001391
99    0.000825
Length: 100, dtype: float64","0     0.008455
1     0.008019
2     0.007638
3     0.007070
4     0.007404
        ...   
95    0.008270
96    0.008219
97    0.007444
98    0.008118
99    0.008140
Length: 100, dtype: float64",[0.00555841 0.00502486 0.00449726 ... 0.03111939 0.03129499 0.03147225],[0.00808218 0.00759536 0.00711178 ... 0.04240367 0.04276656 0.04312631]
70,16,2,2,1,17.963334412010646,5.3322978019714355,1,350,"0     0.001498
1     0.000916
2     0.000780
3     0.001903
4     0.000896
        ...   
95    0.001304
96    0.001464
97    0.001171
98    0.001067
99    0.001303
Length: 100, dtype: float64","0     0.010677
1     0.009208
2     0.009059
3     0.010424
4     0.009929
        ...   
95    0.009091
96    0.008728
97    0.009755
98    0.010833
99    0.012962
Length: 100, dtype: float64",[0.00201348 0.0015578  0.00111013 ... 0.02659529 0.02667408 0.02676672],[0.00500063 0.0045542  0.00411445 ... 0.03379874 0.03416435 0.03453234]
71,16,2,2,1,17.883073101565437,5.417815923690796,1,355,"0     0.000898
1     0.001565
2     0.000977
3     0.001464
4     0.001058
        ...   
95    0.000965
96    0.001180
97    0.001548
98    0.001541
99    0.001048
Length: 100, dtype: float64","0     0.013393
1     0.011290
2     0.010119
3     0.011117
4     0.012089
        ...   
95    0.012161
96    0.012673
97    0.012444
98    0.011247
99    0.011008
Length: 100, dtype: float64","[-1.5729320e-05 -3.8813599e-04 -7.3176064e-04 ...  2.4502032e-02
  2.4566900e-02  2.4633292e-02]",[0.0024694  0.00217858 0.00198657 ... 0.02716222 0.02736112 0.02757247]
72,16,2,2,1,21.338326972480047,5.437649488449097,1,360,"0     0.001076
1     0.001041
2     0.001185
3     0.001096
4     0.001390
        ...   
95    0.000991
96    0.001473
97    0.000972
98    0.000847
99    0.001455
Length: 100, dtype: float64","0     0.009945
1     0.011173
2     0.011978
3     0.010666
4     0.009677
        ...   
95    0.013452
96    0.012846
97    0.011819
98    0.011776
99    0.011827
Length: 100, dtype: float64","[-4.1490284e-04 -2.1745047e-05  2.7139471e-03 ...  2.3273418e-02
  2.3212681e-02  2.3158917e-02]",[0.00241774 0.0027002  0.00299572 ... 0.02592236 0.02579131 0.02567618]
73,16,2,2,1,19.129259414119893,5.419639348983765,1,365,"0     0.001341
1     0.001004
2     0.001121
3     0.001187
4     0.001313
        ...   
95    0.001310
96    0.001465
97    0.001190
98    0.001032
99    0.001295
Length: 100, dtype: float64","0     0.011194
1     0.011216
2     0.011103
3     0.010361
4     0.011993
        ...   
95    0.013851
96    0.013187
97    0.012643
98    0.013701
99    0.013745
Length: 100, dtype: float64",[0.00562494 0.00567756 0.00575585 ... 0.02469486 0.02455945 0.02442647],[0.0044451  0.00471729 0.00498446 ... 0.03128603 0.03092538 0.0305717 ]
74,16,2,2,1,19.45312759658285,5.503145694732666,1,370,"0     0.001074
1     0.001608
2     0.001304
3     0.001299
4     0.001228
        ...   
95    0.000623
96    0.000818
97    0.001438
98    0.001432
99    0.001198
Length: 100, dtype: float64","0     0.013808
1     0.014457
2     0.012868
3     0.012249
4     0.012991
        ...   
95    0.013952
96    0.014696
97    0.013725
98    0.012610
99    0.012150
Length: 100, dtype: float64",[0.00746125 0.00772818 0.00798437 ... 0.02644167 0.02634135 0.02624136],[0.00656682 0.0067876  0.00700071 ... 0.03939675 0.0389897  0.03858252]
75,16,2,2,1,18.63755156674707,5.435937166213989,1,375,"0     0.001287
1     0.000926
2     0.001106
3     0.001946
4     0.001294
        ...   
95    0.001255
96    0.000795
97    0.001556
98    0.001634
99    0.001045
Length: 100, dtype: float64","0     0.012591
1     0.012822
2     0.011693
3     0.010406
4     0.011245
        ...   
95    0.010006
96    0.009758
97    0.011614
98    0.012563
99    0.012083
Length: 100, dtype: float64",[0.00847971 0.00873682 0.00898928 ... 0.02799633 0.02786302 0.02772976],[0.00799189 0.00815529 0.0083103  ... 0.04674425 0.04639512 0.04604194]
76,16,2,2,1,19.310736251637817,5.654043436050415,1,380,"0     0.001302
1     0.001214
2     0.001626
3     0.001006
4     0.001015
        ...   
95    0.001412
96    0.001346
97    0.001502
98    0.001372
99    0.001254
Length: 100, dtype: float64","0     0.013397
1     0.013162
2     0.011342
3     0.011429
4     0.013490
        ...   
95    0.011109
96    0.010840
97    0.012093
98    0.011843
99    0.011771
Length: 100, dtype: float64",[0.0101153  0.0102825  0.01043909 ... 0.03006538 0.0299555  0.02984928],[0.00918656 0.00929301 0.00939072 ... 0.05219699 0.05196222 0.05172117]
77,16,2,2,1,19.77388905186453,5.480954885482788,1,385,"0     0.001242
1     0.000793
2     0.001121
3     0.001244
4     0.001503
        ...   
95    0.000940
96    0.000961
97    0.001137
98    0.001462
99    0.001022
Length: 100, dtype: float64","0     0.012161
1     0.012965
2     0.012958
3     0.014072
4     0.015022
        ...   
95    0.011789
96    0.011732
97    0.011777
98    0.012461
99    0.011925
Length: 100, dtype: float64",[0.01009269 0.01020664 0.01031068 ... 0.03500377 0.03427854 0.03361002],[0.00962753 0.00968018 0.00972441 ... 0.05473117 0.0546396  0.0545404 ]
